[{"title": "Masked Acts: Butterfly Lovers, Kygen Shakespeare, and Topeng Panji", "eventlink": "https://events.ucsc.edu/event/4060", "eventImage": "https://events.ucsc.edu/sites/default/files/styles/square-120/public/events/Masked-topeng-IMG_3995%201_0.jpg?itok=lv-uGN07", "content": "A program featuring three acts: Indonesian dance-drama with gamelan orchestra, the great love story of Zhu Engtai and Liang Shanbo in the dance-drama style of Malaysia, and Shakespeare's Twelft", "location": "TA Mainstage", "date": "March 3, 2017 - March 12, 2017"}, {"title": "Strangers in Their Own Land: Anger and Mourning on the American Right", "eventlink": "https://events.ucsc.edu/event/4172", "eventImage": "https://events.ucsc.edu/sites/default/files/styles/square-120/public/events/strangers-in-their-own-land.jpg?itok=TH7OJSBd", "content": "With the rise of Donald Trump as the Republican President-Elect, millions of Americanspoliticians, journalists, and ordinary citizens alikerace to play catchup to better understand not only his a", "location": "Colleges Nine/Ten Multi-purpose Room", "date": "March 10, 2017, 12:30pm"}, {"title": "Black History Month Events 2017", "eventlink": "https://events.ucsc.edu/event/4108", "eventImage": "https://events.ucsc.edu/sites/default/files/styles/square-120/public/events/unnamed%20%282%29_0.png?itok=g2WvV_hY", "content": "This year's annual celebration includes, Game Night filled with food, laughter, and games; Kevin Powell lecture; A Black Self-Care workshop, hosted by Alicia Harris, Ph.D, a CAPS counselor who spec", "location": "Bay Tree Conf", "date": "March 10, 2017, 6:00pm"}, {"title": "UCSC Wind Ensemble - The Stars My Destination", "eventlink": "https://events.ucsc.edu/event/4055", "eventImage": "https://events.ucsc.edu/sites/default/files/styles/square-120/public/events/andromeda-galaxy-1096858_640.jpg?itok=EDhna5oF", "content": "An evening of works inspired by stars, planets, and the unknowable things beyond our solar system.", "location": "Music Center", "date": "March 10, 2017, 7:30pm"}, {"title": "Painting Feathers in Watercolor Workshop", "eventlink": "https://events.ucsc.edu/event/4138", "eventImage": "https://events.ucsc.edu/sites/default/files/styles/square-120/public/events/BirdEggFeatherNest.jpg?itok=wrLfgLMw", "content": "Learn how to paint the feathers of owls, wild turkey, pheasants, hawks, etc. with artist Maryjo Koch.", "location": "Nat Sci 2, Room 239", "date": "March 11, 2017, 10:00am"}, {"title": "Men's Tennis v Army West Point", "eventlink": "https://events.ucsc.edu/event/4177", "eventImage": "null", "content": "Please come support your UC Santa Cruz Banana Slugs Men's's Tennis team as they take on the visiting Army West Point.", "location": "E Tennis Ct", "date": "March 11, 2017, 11:00am"}, {"title": "2017 Global Oceans Awards Gala Honoring Congressman Sam Farr", "eventlink": "https://events.ucsc.edu/event/3846", "eventImage": "https://events.ucsc.edu/sites/default/files/styles/square-120/public/events/sam%20farr.png?itok=wGczXyc0", "content": "You are invited!", "location": "Colleges Nine/Ten Multi-purpose Room", "date": "March 11, 2017, 6:00pm"}, {"title": "2017 Global Oceans Awards Gala Honoring Congressman Sam Farr", "eventlink": "https://events.ucsc.edu/event/4109", "eventImage": "https://events.ucsc.edu/sites/default/files/styles/square-120/public/events/GOAG%202017%20Square.jpg?itok=KHCasVvW", "content": "This is an annual benefit event to support the education programs of the Seymour Marine Discovery Center.", "location": "Colleges Nine/Ten Multi-purpose Room", "date": "March 11, 2017, 6:00pm"}, {"title": "Unity Showcase", "eventlink": "https://events.ucsc.edu/event/4134", "eventImage": "null", "content": "The Pagkakaisa Dance Troupe, a performing aspect of the Filipino Student Association, is hosting Unity Showcase on March 11th, 2017 at Porter Dining Hall 7:00 pm - 10:00 pm.", "location": "Porter Acad", "date": "March 11, 2017, 7:00pm"}, {"title": "UCSC Jazz Ensembles - Pictures in Black and White", "eventlink": "https://events.ucsc.edu/event/4056", "eventImage": "https://events.ucsc.edu/sites/default/files/styles/square-120/public/events/%20logo-Music%20logo_7.jpg?itok=hUt1Np6l", "content": "Student ensembles perform with bassist/director Stan Poplin in a concert of music of contemporary jazz composers and original student compositions.", "location": "Music Center", "date": "March 11, 2017, 7:30pm"}, {"title": "Younger Lagoon Reserve tour", "eventlink": "https://events.ucsc.edu/event/3870", "eventImage": "https://events.ucsc.edu/sites/default/files/styles/square-120/public/events/younger%20lagoon%20small_0.jpg?itok=0_Tz7ruc", "content": "This 90-minute, behind-the-scenes hiking tour takes visitors into Younger Lagoon Reserve adjacent to the Seymour Marine Discovery Center.", "location": "Seymour Marine Discovery Center", "date": "December 1, 2016 - December 10, 2017"}, {"title": "UCSC Chamber Singers - From the Old World to the New", "eventlink": "https://events.ucsc.edu/event/4057", "eventImage": "https://events.ucsc.edu/sites/default/files/styles/square-120/public/events/1658_Visscher_Map_of_North_America_and_South_America_-_Geographicus_-_America-visscher-1658.jpg?itok=X4ZFKEWI", "content": "The UCSC Chamber Singers, directed by Michael McGushin, perform a program of choral treasures from Renaissance Spain and by living composers from the United States and England.", "location": "Music Center", "date": "March 12, 2017, 3:00pm"}, {"title": "Arts Dean's Lecture Series: Video Games as Visual Culture", "eventlink": "https://events.ucsc.edu/event/4101", "eventImage": "https://events.ucsc.edu/sites/default/files/styles/square-120/public/events/2017lectureseriesposter.jpg?itok=LjgedBT1", "content": "Each presentation is part of the series of free, public lectures in the 2017 Arts Deans Lecture Series entitled Video Games as Visual Culture (part of the course Video Games as Visual Culture FI", "location": "Media Theater", "date": "February 1, 2017 - March 13, 2017"}, {"title": "UC Santa Cruz Arboretum Ray Collett Rare and Extraordinary Plants Lecture Series", "eventlink": "https://events.ucsc.edu/event/4149", "eventImage": "https://events.ucsc.edu/sites/default/files/styles/square-120/public/events/arb%20logo-200_3.jpg?itok=kMxCu1c9", "content": "To be rescheduled. New date TBA.  \"Flora Unveiled: The Discovery and Denial of Sex in Plants\"", "location": "Arboretum", "date": "March 14, 2017, 7:00pm"}, {"title": "Free Drop-In Figure Drawing for the Community Winter 2017", "eventlink": "https://events.ucsc.edu/event/3988", "eventImage": "https://events.ucsc.edu/sites/default/files/styles/square-120/public/events/DropInDraw-Div1.jpg?itok=ptVNQqMl", "content": "Free Drop-In Figure Drawing for the Community Winter 2017\nWednesday nights 7pm-9pm\nLocation UCSC Art Department J-101", "location": "Elena Baskin Visual Arts Center", "date": "January 11, 2017 - March 15, 2017"}, {"title": "Wednesday Night Cinema Society Winter 2017", "eventlink": "https://events.ucsc.edu/event/4052", "eventImage": "https://events.ucsc.edu/sites/default/files/styles/square-120/public/events/Flyer_CinemaSocietyWinter2017.jpg?itok=6F6r9jWb", "content": "Join us for our weekly film series! This quarters theme is \"Saphic Cinemania: Female Authorship and Queer Desires\"", "location": "Commun Bldg", "date": "January 11, 2017 - March 15, 2017"}, {"title": "Final Passages: Slave Trading Within and Between American Colonies", "eventlink": "https://events.ucsc.edu/event/4170", "eventImage": "https://events.ucsc.edu/sites/default/files/styles/square-120/public/events/gomalley_0.jpg?itok=aiE_qW1_", "content": "What happened after enslaved Africans stepped off the ships that carried them across the Atlantic?", "location": "Santa Cruz Police", "date": "March 16, 2017, 10:30am"}, {"title": "The Rule of Law: Why It Matters, What Threatens It, & What It Is. A Talk by Martin Krygier", "eventlink": "https://events.ucsc.edu/event/4164", "eventImage": "https://events.ucsc.edu/sites/default/files/styles/square-120/public/events/picture-1287.jpg?itok=cuGf9f03", "content": "Please join us for a special talk on crucial issues surrounding the rule of law.", "location": "Merrill Acad", "date": "March 16, 2017, 3:30pm"}, {"title": "Frontiers in Archaeology-21st Century Paleopathology: Challenges and Opportunities", "eventlink": "https://events.ucsc.edu/event/4152", "eventImage": "https://events.ucsc.edu/sites/default/files/styles/square-120/public/events/buikstra.jpg?itok=zHKrp-sn", "content": "Profoundly interdisciplinary fields frequently struggle for identity and balance, as they engage in research and education. Long-term histories vie with theoretical and technological advances.", "location": "Hum & Soc Sci", "date": "March 16, 2017, 3:30pm"}, {"title": "Volunteer Docent Training at the UCSC Farm", "eventlink": "https://events.ucsc.edu/event/4153", "eventImage": "https://events.ucsc.edu/sites/default/files/styles/square-120/public/events/UCSC%20Farm%20tour%20copy.jpg?itok=wW0T_5ar", "content": "Dont miss this opportunity to become a volunteer docent at one of Santa Cruzs most beautiful locations: the UCSC Farm on the UC Santa Cruz campus.", "location": "UCSC Farm", "date": "March 9, 2017 - April 27, 2017"}, {"title": "The Innovative Research of the University of California's Natural Reserve System and the Secret Life of Marine Mammals: How We've Pulled Back the Curtain", "eventlink": "https://events.ucsc.edu/event/4111", "eventImage": "https://events.ucsc.edu/sites/default/files/styles/square-120/public/events/Screen%20Shot%202017-02-03%20at%2011.02.55%20AM.png?itok=a1geDgwJ", "content": "Gage Dayton, Ph.D., the Wilton W. Webster Jr. Presidential Chair for the UC Santa Cruz Natural Reserves, and Dan Costa, Ph.D.", "location": "", "date": "March 16, 2017, 5:30pm"}, {"title": "Winter 2017 Open Studios", "eventlink": "https://events.ucsc.edu/event/3884", "eventImage": "https://events.ucsc.edu/sites/default/files/styles/square-120/public/events/Open-Studios-W-2017-Web.jpg?itok=WUq9TKKI", "content": "Winter Open Studios 2017 features student art work in a variety of media including: drawing, painting, print media, sculpture, intermedia, photography and electronic art.", "location": "Elena Baskin Visual Arts Center", "date": "March 17, 2017, 12:00pm"}, {"title": "Arboretum Phenology Walk", "eventlink": "https://events.ucsc.edu/event/3882", "eventImage": "https://events.ucsc.edu/sites/default/files/styles/square-120/public/events/encelia-californic-250.jpg?itok=qD38E2dv", "content": "Calling all citizen scientists! hikers! families! students! educators!", "location": "Arboretum", "date": "January 14, 2017 - March 18, 2017"}, {"title": "Cowell Ranch Hay Barn Open House", "eventlink": "https://events.ucsc.edu/event/4135", "eventImage": "https://events.ucsc.edu/sites/default/files/styles/square-120/public/events/Open-House-postcard-front-cropped.jpg?itok=gp3Lg0rj", "content": "Take a tour and get information on renting the award-winning Cowell Ranch Hay Barn at UCSC.", "location": "Hay Barn", "date": "March 19, 2017, 12:00pm"}, {"title": "Science Sunday Hofagie Laamle: Tradition, Culture, Science, and Marine Conservation", "eventlink": "https://events.ucsc.edu/event/4171", "eventImage": "https://events.ucsc.edu/sites/default/files/styles/square-120/public/events/Poster.JPG?itok=GLWMwJ9G", "content": "Kelsey Doyle and Nicole Crane\nFilm and Discussion\nMarch 19, 1:30-2:30 PM", "location": "Seymour Marine Discovery Center", "date": "March 19, 2017, 1:30pm"}, {"title": "Careers in Teaching & Education Fair", "eventlink": "https://events.ucsc.edu/event/3744", "eventImage": "https://events.ucsc.edu/sites/default/files/styles/square-120/public/events/cc-orb_324x324_35.png?itok=30K8SHkm", "content": "The Careers in Teaching & Education fair is targeted toward organizations interested in students interested in a career in the field of education.", "location": "Rachel Carson College", "date": "March 22, 2017, 4:00pm"}, {"title": "Kraw Lecture Series in Silicon Valley", "eventlink": "https://events.ucsc.edu/event/4159", "eventImage": "https://events.ucsc.edu/sites/default/files/styles/square-120/public/events/space.jpg?itok=8LxoetcX", "content": "The Kraw Lecture Series in Silicon Valley is made possible by a generous gift from UC Santa Cruz alumnus George Kraw (1971).", "location": "", "date": "March 22, 2017, 6:00pm"}, {"title": "Men's Tennis v Chabot", "eventlink": "https://events.ucsc.edu/event/4178", "eventImage": "null", "content": "Please come support your UC Santa Cruz Banana Slugs Men's's Tennis team as they take on the visiting Chabot College.", "location": "E Tennis Ct", "date": "March 23, 2017, 4:00pm"}, {"title": "Gabriel Zimmerman Award Benefit featuring Shannon Watts", "eventlink": "https://events.ucsc.edu/event/4114", "eventImage": "https://events.ucsc.edu/sites/default/files/styles/square-120/public/events/zimmerman_gabe-300.jpg?itok=JkgKJtoy", "content": "Hosted by Jonathan Klein (Merrill, '89), featuring Shannon Watts, founder of Moms Demand Action.", "location": "Hay Barn", "date": "March 23, 2017, 6:00pm"}, {"title": "7th Grade College and Career Summit", "eventlink": "https://events.ucsc.edu/event/2192", "eventImage": "null", "content": "Santa Cruz County 7th graders will find connections to the school work they are doing now to future college and career possibilities.", "location": "Assigned dates, presentation locations and arrival information is sent directly to participating schools.", "date": "March 24, 2017"}, {"title": "Google Forms", "eventlink": "https://events.ucsc.edu/event/4185", "eventImage": "https://events.ucsc.edu/sites/default/files/styles/square-120/public/events/Google_Forms_1.png?itok=nmxYdNPV", "content": "In this 90-minute class, you will learn how to set up, start, and participate in a Google Hangout. In addition, you will learn key features of video conferencing and instant messaging.", "location": "Kerr Hall", "date": "March 24, 2017, 2:00pm"}, {"title": "Garden Bed Preparation, Chadwick Style!", "eventlink": "https://events.ucsc.edu/event/4186", "eventImage": "https://events.ucsc.edu/sites/default/files/styles/square-120/public/events/sky_orin_doubledig%20copy.jpg?itok=Hychqwob", "content": "Join Chadwick Garden manager Orin Martin and organic farmer Caroline Martin for a special workshop about garden bed preparation, featuring the classic double digging technique that Alan Chadwick in", "location": "Alan Chadwick Garden", "date": "March 25, 2017, 9:30am"}, {"title": "Chicago Happy Hour", "eventlink": "https://events.ucsc.edu/event/4168", "eventImage": "https://events.ucsc.edu/sites/default/files/styles/square-120/public/events/chicago.jpg?itok=df1Lelpm", "content": "Join your fellow Chicago Banana Slugs for a night of reconnecting and reminiscing on your favorite times at UC Santa Cruz.", "location": "", "date": "March 28, 2017, 6:00pm"}, {"title": "D.C. Alumni Happy Hour", "eventlink": "https://events.ucsc.edu/event/4169", "eventImage": "https://events.ucsc.edu/sites/default/files/styles/square-120/public/events/unnamed_5.jpg?itok=zLUsGNth", "content": "Join your fellow Banana Slugs for a night of reconnecting and reminiscing on your favorite times at UC Santa Cruz.", "location": "", "date": "March 29, 2017, 6:00pm"}, {"title": "A Rich Tradition of Non-traditional Thinking: The Legacy of Rachel Carson", "eventlink": "https://events.ucsc.edu/event/4133", "eventImage": "https://events.ucsc.edu/sites/default/files/styles/square-120/public/events/Rachel%20Carson.jpeg?itok=s36Wt7N0", "content": "Join us for compelling faculty talks illustrating the legacy of Rachel Carson, leader of the environmental movement.", "location": "", "date": "March 30, 2017, 6:30pm"}, {"title": "Birding Walk on the UCSC Farm", "eventlink": "https://events.ucsc.edu/event/4187", "eventImage": "https://events.ucsc.edu/sites/default/files/styles/square-120/public/events/breck-mendo-14.jpg?itok=bTiiHS1f", "content": "Join us for an introductory birding walk at the UCSC Farm.", "location": "UCSC Farm", "date": "April 1, 2017, 9:00am"}, {"title": "Free first Saturday Arboretum garden tour", "eventlink": "https://events.ucsc.edu/event/3710", "eventImage": "https://events.ucsc.edu/sites/default/files/styles/square-120/public/events/s-afric-group_0.jpg?itok=q2Xruxc5", "content": "Join us for a docent-led tour of the UCSC Arboretum's extensive gardens on the first Saturday of every month.", "location": "Arboretum", "date": "June 4, 2016 - May 6, 2017"}, {"title": "UC Black Tie Gala", "eventlink": "https://events.ucsc.edu/event/4124", "eventImage": "https://events.ucsc.edu/sites/default/files/styles/square-120/public/events/https-%252F%252Fcdn.evbuc_.com%252Fimages%252F26292590%252F34914704%252F1%252Foriginal.jpg?itok=TjcLR8-N", "content": "UC Alumni UK Charity Gala", "location": "", "date": "April 1, 2017, 6:30pm"}, {"title": "Google Mail Basics", "eventlink": "https://events.ucsc.edu/event/3689", "eventImage": "https://events.ucsc.edu/sites/default/files/styles/square-120/public/events/google-1017347_960_720_3.png?itok=LTw7NCwq", "content": "Learn how to compose, send, reply to and forward an email message.  You learn how to add attachments, print and understand how messages are grouped by conversation.", "location": "Kerr Hall", "date": "April 3, 2017, 9:30am"}, {"title": "Community Day - Free Admission to the Arboretum", "eventlink": "https://events.ucsc.edu/event/3709", "eventImage": "https://events.ucsc.edu/sites/default/files/styles/square-120/public/events/arboretum-sign-500x500.jpg?itok=ZAuttQrQ", "content": "On the first Tuesday of every month, free admission to the UC Santa Cruz Arboretum.", "location": "Arboretum", "date": "June 7, 2016 - May 2, 2017"}, {"title": "2017 Spring Emeriti Lecture featuring Harry Noller", "eventlink": "https://events.ucsc.edu/event/4146", "eventImage": "https://events.ucsc.edu/sites/default/files/styles/square-120/public/events/Harry%20tight%20events%20page.jpg?itok=a1cTHqbT", "content": "The UC Santa Cruz Emeriti Association presents the 2017 Spring Emeriti Lecture with Harry Noller, Robert L. Sinsheimer Prof.", "location": "Music Center", "date": "April 4, 2017, 7:00pm"}, {"title": "Spring 2017 Figure Draw", "eventlink": "https://events.ucsc.edu/event/4160", "eventImage": "https://events.ucsc.edu/sites/default/files/styles/square-120/public/events/Spring-2017-Drop-In-Draw-web-Square.jpg?itok=_Nprvp9j", "content": "Free Drop-In Draw For the Community\nWednesday nights 7pm-9pm\nlocation: UCSC Art Department E-101\nDates: April 5, 12, 19, 26, May 3, 10, 17, 24, 31, June 7", "location": "Elena Baskin Visual Arts Center", "date": "April 5, 2017 - June 7, 2017"}, {"title": "Women's Tennis v Mills", "eventlink": "https://events.ucsc.edu/event/4173", "eventImage": "null", "content": "Please come support your UC Santa Cruz Banana Slugs Women's Tennis team as they take on the visiting Mills College.", "location": "E Tennis Ct", "date": "April 8, 2017, 12:00pm"}, {"title": "Women's Tennis v Notre Dame de Namur", "eventlink": "https://events.ucsc.edu/event/4174", "eventImage": "null", "content": "Please come support your UC Santa Cruz Banana Slugs Women's Tennis team as they take on the visiting Notre Dame de Namur University.", "location": "", "date": "April 9, 2017, 12:00pm"}, {"title": "Summer Session Ice Cream Social & Info Session", "eventlink": "https://events.ucsc.edu/event/4188", "eventImage": "https://events.ucsc.edu/sites/default/files/styles/square-120/public/events/2017%20Ice%20Cream%20Social%20Insta%20Post.png?itok=5s4norE9", "content": "Need to \"sandwich\" degree progress between spring and fall? Come get the scoop on Summer Session at one of our free ice cream socials.", "location": "Merrill Acad", "date": "April 10, 2017, 4:00pm"}, {"title": "Summer Session Ice Cream Social & Info Session", "eventlink": "https://events.ucsc.edu/event/4189", "eventImage": "https://events.ucsc.edu/sites/default/files/styles/square-120/public/events/2017%20Ice%20Cream%20Social%20Insta%20Post_0.png?itok=b-dDiaer", "content": "Need to \"sandwich\" degree progress between spring and fall? Come get the scoop on Summer Session at one of our free ice cream socials.", "location": "Merrill Acad", "date": "April 11, 2017, 4:00pm"}, {"title": "Summer Session Ice Cream Social & Info Session", "eventlink": "https://events.ucsc.edu/event/4190", "eventImage": "https://events.ucsc.edu/sites/default/files/styles/square-120/public/events/2017%20Ice%20Cream%20Social%20Insta%20Post_1.png?itok=a_79qBhL", "content": "Need to \"sandwich\" degree progress between spring and fall? Come get the scoop on Summer Session at one of our free ice cream socials.", "location": "Merrill Acad", "date": "April 12, 2017, 4:00pm"}, {"title": "Addressing Bullying & Abusive Conduct at UCSC for Managers", "eventlink": "https://events.ucsc.edu/event/4165", "eventImage": "https://events.ucsc.edu/sites/default/files/styles/square-120/public/events/bully-655659__480.jpg?itok=Mzgyc5jY", "content": "In a 2016 statement, University of California President Janet Napolitano wrote, The University does not tolerate abusive conduct or bullying.", "location": "", "date": "April 13, 2017, 2:00pm"}, {"title": "Summer Session Ice Cream Social & Info Session", "eventlink": "https://events.ucsc.edu/event/4191", "eventImage": "https://events.ucsc.edu/sites/default/files/styles/square-120/public/events/2017%20Ice%20Cream%20Social%20Insta%20Post_2.png?itok=1tgyS_4B", "content": "Need to \"sandwich\" degree progress between spring and fall? Come get the scoop on Summer Session at one of our free ice cream socials.", "location": "Merrill Acad", "date": "April 13, 2017, 4:00pm"}, {"title": "Dear World VIP Photo Shoot", "eventlink": "https://events.ucsc.edu/event/4154", "eventImage": "null", "content": "Dear Worlds program begins with a simple question: If you had one story to share with the world, what would you say? Through a process of photo shoots and storytelling sessions, we will facilita", "location": "Colleges Nine/Ten Multi-purpose Room", "date": "April 13, 2017, 6:00pm"}, {"title": "Dear World Open Photo Shoot", "eventlink": "https://events.ucsc.edu/event/4156", "eventImage": "null", "content": "Dear Worlds program begins with a simple question: If you had one story to share with the world, what would you say? Through a process of photo shoots and storytelling sessions, we will facilita", "location": "", "date": "April 14, 2017, 10:00am"}, {"title": "Summer Session Ice Cream Social & Info Session", "eventlink": "https://events.ucsc.edu/event/4192", "eventImage": "https://events.ucsc.edu/sites/default/files/styles/square-120/public/events/2017%20Ice%20Cream%20Social%20Insta%20Post_3.png?itok=W9Pc2JU9", "content": "Need to \"sandwich\" degree progress between spring and fall? Come get the scoop on Summer Session at one of our free ice cream socials.", "location": "Merrill Acad", "date": "April 14, 2017, 4:00pm"}, {"title": "Dear World Storytelling Session ", "eventlink": "https://events.ucsc.edu/event/4158", "eventImage": "null", "content": "Dear Worlds program begins with a simple question: If you had one story to share with the world, what would you say? Through a process of photo shoots and storytelling sessions, we will facilita", "location": "Bay Tree Conf", "date": "April 14, 2017, 7:00pm"}, {"title": "Women's Tennis v Dominican ", "eventlink": "https://events.ucsc.edu/event/4175", "eventImage": "null", "content": "Please come support your UC Santa Cruz Banana Slugs Women's Tennis team as they take on the visiting Dominican University of California.", "location": "E Tennis Ct", "date": "April 15, 2017, 12:00pm"}, {"title": "Landscape Explorations in Watercolor Workshop", "eventlink": "https://events.ucsc.edu/event/4147", "eventImage": "https://events.ucsc.edu/sites/default/files/styles/square-120/public/events/LandscapeExploration.jpg.png?itok=FXK9c3KH", "content": "Join this half day workshop with Erika Perloff to learn easy techniques for watercolor sketching outdoors.", "location": "", "date": "April 16, 2017, 1:00pm"}, {"title": "Management Skills Assessment Program - Spring 2017", "eventlink": "https://events.ucsc.edu/event/3703", "eventImage": "https://events.ucsc.edu/sites/default/files/styles/square-120/public/events/amasthead_0.jpg?itok=wKnJAbro", "content": "\"Investing Today in the Leaders of Tomorrow\"", "location": "", "date": "April 17, 2017"}, {"title": "What's My Budget?", "eventlink": "https://events.ucsc.edu/event/4180", "eventImage": "https://events.ucsc.edu/sites/default/files/styles/square-120/public/events/2010-11funduses.large__0.jpg?itok=P-Q3yZgz", "content": "Ever had trouble figuring out your budget or deciphering status reports on your budget?", "location": "", "date": "April 17, 2017, 2:00pm"}, {"title": "Business Design Showcase", "eventlink": "https://events.ucsc.edu/event/3852", "eventImage": "https://events.ucsc.edu/sites/default/files/styles/square-120/public/events/CIED-leaf-bulb-seed-YES%20500x500.jpg?itok=zcKicj65", "content": "The 5th annual Business Design Showcase moves to the newly relocated UC Santa Cruz Silicon Valley Campus in Santa Clara.", "location": "", "date": "April 18, 2017, 6:00pm"}, {"title": "7th Annual Local & Organic Tasting Fair", "eventlink": "https://events.ucsc.edu/event/4129", "eventImage": "https://events.ucsc.edu/sites/default/files/styles/square-120/public/events/tasting-fair-2016-web-version.png?itok=mqr_IcB2", "content": "Come try free samples of local, organic, and sustainable foods served here at UCSC! Prepare to be delighted by the variety of great produce, snacks, and drinks.", "location": "Colleges Nine/Ten Multi-purpose Room", "date": "April 19, 2017, 11:30am"}, {"title": "Academic Senate Meeting", "eventlink": "https://events.ucsc.edu/event/3971", "eventImage": "null", "content": "null", "location": "Steven Acad", "date": "April 19, 2017, 2:30pm"}, {"title": "Spring Job & Internship Fair", "eventlink": "https://events.ucsc.edu/event/3741", "eventImage": "https://events.ucsc.edu/sites/default/files/styles/square-120/public/events/cc-orb_324x324_34.png?itok=yx8LhlLi", "content": "he Spring Fair is an opportunity for organizations to recruit for entry-level positions and internships.", "location": "Rachel Carson College", "date": "April 19, 2017, 3:00pm"}, {"title": "Google Team Drives", "eventlink": "https://events.ucsc.edu/event/4183", "eventImage": "https://events.ucsc.edu/sites/default/files/styles/square-120/public/events/Google_Team_Drive.png?itok=RfWU9OrQ", "content": "In this 90-minute class, you will learn how to use Google's new Team Drives.", "location": "Kerr Hall", "date": "April 21, 2017, 9:30am"}, {"title": "MESA Day  Regional Competition 2017", "eventlink": "https://events.ucsc.edu/event/4137", "eventImage": "https://events.ucsc.edu/sites/default/files/styles/square-120/public/events/mesadaypic.jpg?itok=ntNMnKkm", "content": "During the regional contest students from communities in Fresno and Santa Barbara areas will compete against students from communities in Santa Cruz and Monterey.", "location": "", "date": "April 22, 2017"}, {"title": "Artist as Explorer: Painting in Tandem with Scientific Field Research Presentation", "eventlink": "https://events.ucsc.edu/event/4148", "eventImage": "null", "content": "Join us at the UCSC Seymour Marine Discovery Center where Lily Simonson will discuss her experiences as an artist who embeds in scientific research expeditions to remote environments-from scuba div", "location": "", "date": "April 23, 2017, 1:30pm"}, {"title": "Demystifying Financial Transactions", "eventlink": "https://events.ucsc.edu/event/4181", "eventImage": "https://events.ucsc.edu/sites/default/files/styles/square-120/public/events/calculator-820330_960_720_0.jpg?itok=_1meymP9", "content": "A follow-up to the Whats My Budget? class, this session will provide a more in-depth explanation of the Financial Transactions report.", "location": "", "date": "April 24, 2017, 2:30pm"}, {"title": "DNA DAY 2017", "eventlink": "https://events.ucsc.edu/event/4179", "eventImage": "https://events.ucsc.edu/sites/default/files/styles/square-120/public/events/CDYTgpIUMAEk81T.jpg?itok=botg88Jf", "content": "A celebration of our common identity in all its myriad, unique, & individual expressions.", "location": "", "date": "April 25, 2017, 11:00am"}, {"title": "Google Team Drives", "eventlink": "https://events.ucsc.edu/event/4184", "eventImage": "https://events.ucsc.edu/sites/default/files/styles/square-120/public/events/Google_Team_Drive_0.png?itok=bl4cZ0-t", "content": "In this 90-minute class, you will learn how to use Google's new Team Drives.", "location": "Kerr Hall", "date": "April 27, 2017, 10:00am"}, {"title": "Alumni Weekend", "eventlink": "https://events.ucsc.edu/event/4126", "eventImage": "https://events.ucsc.edu/sites/default/files/styles/square-120/public/events/Sammy%20Slug%20Alumni%20Weekend%202.jpg?itok=GuszxHqd", "content": "Come Home. This Weekend is for you!", "location": "", "date": "April 28, 2017"}, {"title": "Social Sciences Distinguished Alumni Award Ceremony", "eventlink": "https://events.ucsc.edu/event/4145", "eventImage": "https://events.ucsc.edu/sites/default/files/styles/square-120/public/events/perry-kris-280.jpg?itok=LPip0zi3", "content": "Alumni are invited to celebrate the achievements of Kris Perry, winner of the 2017 Social Sciences Distinguished Alumni Award.", "location": "Seymour Marine Discovery Center", "date": "April 28, 2017, 4:00pm"}, {"title": "Real Good Fish: Innovations in Sustainable Fisheries", "eventlink": "https://events.ucsc.edu/event/4131", "eventImage": "https://events.ucsc.edu/sites/default/files/styles/square-120/public/events/alan-alumni-web.png?itok=6Vh4dMS4", "content": "Presented by UCSC Dining.\nJoin us for an interview with Alan Lovewell, founder of Real Good Fish, the cutting-edge Community Supported Fishery located here on the abundant Monterey Bay.", "location": "Steven Acad", "date": "April 29, 2017, 1:30pm"}, {"title": "Are You Being Bullied?", "eventlink": "https://events.ucsc.edu/event/4166", "eventImage": "https://events.ucsc.edu/sites/default/files/styles/square-120/public/events/bully-655660__480.jpg?itok=SoCGVwaG", "content": "Recent California legislation (AB 2053) has described abusive conduct (or workplace bullying) as, conduct of an employer or employee in the workplace, with malice, that a reasonable person would f", "location": "", "date": "May 3, 2017, 2:00pm"}, {"title": "Writing for the Workplace", "eventlink": "https://events.ucsc.edu/event/3867", "eventImage": "https://events.ucsc.edu/sites/default/files/styles/square-120/public/events/computer-keyboard-1207681_960_720.jpg?itok=4qwsvXJq", "content": "This workshop explains how business writers create successful materials and provides a process for planning and writing documents that get results.", "location": "", "date": "May 8, 2017, 1:00pm"}, {"title": "Graduate Research Symposium", "eventlink": "https://events.ucsc.edu/event/3874", "eventImage": "https://events.ucsc.edu/sites/default/files/styles/square-120/public/events/Graduate%20Research%20Symposium%20Lightbulb.png?itok=tVJi77NC", "content": "The Graduate Research Symposium offers graduate students from every academic division the opportunity to discuss their research with colleagues on campus and with the public.", "location": "McHenry Clrm", "date": "May 12, 2017, 1:00pm"}, {"title": "Kresge Presents PRIDE, 12th Annual", "eventlink": "https://events.ucsc.edu/event/3978", "eventImage": "https://events.ucsc.edu/sites/default/files/styles/square-120/public/events/PRIDE%2711.JPG?itok=ABSOz6Xx", "content": "A day of celebration for the LGBTQIA+ community and its many allies. We begin with a campus wide parade starting at the Quarry Plaza at noon.", "location": "null", "date": "May 13, 2017, 12:00pm"}, {"title": "Google Hangouts", "eventlink": "https://events.ucsc.edu/event/4019", "eventImage": "https://events.ucsc.edu/sites/default/files/styles/square-120/public/events/Google_Hangouts.png?itok=xV0DP-Ko", "content": "In this 90-minute class, you will learn how to set up, start, and participate in a Google Hangout. In addition, you will learn key features of video conferencing and instant messaging.", "location": "null", "date": "May 19, 2017, 10:00am"}]